<?xml version="1.0" encoding="UTF-8" ?>
<module>
    <name>ps_expert_tracking</name>
    <displayName><![CDATA[Expert Tracking: Session Persistence]]></displayName>
    <version><![CDATA[2.1.0]]></version>
    <description><![CDATA[Naprawia problem unassigned traffic poprzez zapisywanie sesji GA4 w bazie.]]></description>
    <author><![CDATA[Expert Dev]]></author>
    <tab><![CDATA[analytics_stats]]></tab>
    <is_configurable>0</is_configurable>
    <need_instance>0</need_instance>
</module>